Fecha,Post,Likes,Sentimiento
2025-09-29T06:13:58+0000,"Cuatro mujeres, incluidas dos menores, resultaron con quemaduras tras el incendio de una unidad de transporte p√∫blico en Chilpancingo, Guerrero.  ",1,negative
2025-09-29T05:15:43+0000,"La Fiscal√≠a de Quintana Roo rescat√≥ a 14 mujeres presuntas v√≠ctimas de trata de personas. Prestaban servicios sexuales por 250 pesos, mientras los establecimientos reten√≠an 50 pesos de comisi√≥n. ",2,neutral
2025-09-29T05:02:43+0000,Tragedia en Edomex: Protesta por ciclista atropellado en la carretera Toluca-Palmillas termina en balacera; dos personas resultan heridas y el responsable sigue pr√≥fugo. ,2,negative
2025-09-29T04:35:24+0000,La Facultad de Qu√≠mica de la UNAM suspende clases presenciales tras recibir amenazas digitales en redes y correo electr√≥nico.,1,negative
2025-09-29T04:01:41+0000,"La jefa de Gobierno, Clara Brugada, recorri√≥ zonas afectadas por las lluvias en Iztapalapa. Anunci√≥ apoyos inmediatos a familias y un vaso regulador para prevenir futuras inundaciones.  ",2,neutral
2025-09-28T19:03:58+0000,"Inundaciones hist√≥ricas afectan a CDMX y municipios del oriente mexiquense. Alertas activadas, Metro y Cableb√∫s suspendidos, y servicios de emergencia movilizados para atender viviendas y vialidades. ",2,neutral
2025-09-27T04:29:47+0000,4 mil personas participaron en la marcha por el 11¬∫ aniversario de Ayotzinapa en CDMX. ,1,neutral
2025-09-27T04:19:53+0000,"En Tabasco, fuerzas de seguridad federales y estatales detuvieron a tres mujeres vinculadas a una c√©lula delictiva de secuestro y extorsi√≥n. ",1,negative
2025-09-27T04:12:25+0000,El senador Ad√°n Augusto L√≥pez Hern√°ndez asegura que todos sus ingresos est√°n declarados y acusa que las acusaciones buscan desacreditar a la Cuarta Transformaci√≥n. ,2,neutral
2025-09-27T03:57:50+0000,Una menor de 17 a√±os fue atacada con cuchillo en Tlajomulco de Z√∫√±iga. ,0,negative
2025-09-27T03:34:14+0000,"Una mujer apodada ‚ÄúLady patadas‚Äù fue detenida en Benito Ju√°rez, CDMX tras agredir a un polic√≠a. El momento qued√≥ registrado en un video viral que circula en redes. ",1,neutral
2025-09-27T03:16:59+0000,"‚ö°Ô∏è Un mega apag√≥n dej√≥ sin electricidad a m√°s de 2 millones de usuarios en Yucat√°n, Campeche y Quintana Roo. En M√©rida, la falla coincidi√≥ con una tormenta que provoc√≥ caos en la ciudad. üåßÔ∏è ",1,negative
2025-09-27T02:54:48+0000,Dos unidades del Metrob√∫s L√≠nea 2 chocaron cerca de la estaci√≥n Xola en la Alcald√≠a Benito Ju√°rez. Autoridades reportaron 12 lesionados. ,2,negative
2025-09-25T01:12:48+0000,"En Uriangato, Guanajuato, autoridades federales y estatales detuvieron a Genaro ‚ÄúN‚Äù, jefe de plaza relacionado con homicidio, extorsi√≥n y la privaci√≥n de libertad de dos agentes. ",2,neutral
2025-09-24T23:57:34+0000,Tiroteo en centro de ICE en Dallas deja un muerto y un mexicano herido grave. La SRE confirm√≥ acompa√±amiento consular y acceso irrestricto al connacional afectado. ,2,negative
2025-09-24T23:10:17+0000,"38 hombres de La Luz del Mundo fueron detenidos en Michoac√°n por portar armas, r√©plicas de rifles y equipo t√°ctico. Entre ellos, un estadounidense. ",2,negative
2025-09-24T03:03:05+0000,"Hern√°n Berm√∫dez, exsecretario de Seguridad de Tabasco, fue vinculado a proceso por secuestro expr√©s, extorsi√≥n y asociaci√≥n delictuosa. Podr√≠a enfrentar hasta 158 a√±os de prisi√≥n. ",1,negative
2025-09-24T02:05:00+0000,"Ricardo Salinas Pliego pag√≥ 25 millones de d√≥lares para evitar su arresto en Estados Unidos tras perder un juicio contra AT&T, seg√∫n Bloomberg. ",1,neutral
2025-09-24T01:36:46+0000,"Dos escoltas de la hija del gobernador de Sinaloa resultaron heridos en un intento de despojo de camioneta en Culiac√°n; la nieta del mandatario sali√≥ ilesa. 

https://estadored.mx/2025/09/escoltas-de-la-hija-del-gobernador-de-sinaloa-resultan-heridos-en-intento-de-despojo-de-camioneta-en-culiacan/",0,negative
2025-09-24T00:51:39+0000,La FGJCDMX colabora con la Fiscal√≠a del Estado de M√©xico tras el hallazgo de los cuerpos de los m√∫sicos colombianos B-King y DJ Regio Clown en Cocotitl√°n.  ,0,neutral
2025-09-24T00:31:33+0000,"üåëü¶á Batman Azteca: Choque de Imperios lleg√≥ a cines. 

Hecha por animadores mexicanos, la cinta reimagina al Caballero de la Noche en el Imperio azteca para enfrentar al terrible Cort√©s. ",0,negative
2025-09-23T23:01:58+0000,"Alejandro Moreno denunci√≥ a Ad√°n Augusto L√≥pez ante la DEA, FBI y FGR por presuntos v√≠nculos con el huachicol fiscal. El morenista respondi√≥: ‚ÄúYo no le hago caso a las mafufadas‚Äù. ",1,neutral
2025-09-23T21:56:16+0000,29 muertos y 16 hospitalizados tras la explosi√≥n en el puente de La Concordia en Iztapalapa. ,0,negative
2025-09-23T21:40:27+0000,El veh√≠culo del periodista V√≠ctor Hugo Ornelas fue vandalizado en Jalisco. ,1,negative
2025-09-23T21:27:39+0000,"El Servicio Secreto de EU desmantel√≥ una red de dispositivos electr√≥nicos cerca de la ONU en Nueva York, usados para amenazas a funcionarios y ataques a telecomunicaciones.  ",0,neutral
